year,tsub,sigma2
400.0,2.8106257049878143,3.0844495457828645
401.0,2.808535529392124,3.081712005216372
402.0,2.805186827497945,3.0783171334885453
403.0,2.8019041851982482,3.0741935143042185
404.0,2.7982189971348603,3.070384150300544
405.0,2.794356387612778,3.0667170041398313
406.0,2.78932994973976,3.062653330732602
407.0,2.7833436704448147,3.0585533073656
408.0,2.7777016055537436,3.0546897912218642
409.0,2.7719484706447153,3.0506971871269197
410.0,2.7660637638178187,3.046932504130863
411.0,2.7601162945952864,3.0438203125941072
412.0,2.7541700779395306,3.040964988151124
413.0,2.7482251607476487,3.038307188757659
414.0,2.7427860714934784,3.0360158558974866
415.0,2.7374739516529445,3.0337924808553773
416.0,2.7330103078924326,3.031071680649848
417.0,2.728505111548113,3.028380038577124
418.0,2.7240178401854878,3.0257824483394176
419.0,2.7196465384955495,3.0234104497176797
420.0,2.715252965096555,3.0211348254402193
421.0,2.7109395013578403,3.0191068979293254
422.0,2.7067541351042923,3.017296271601462
423.0,2.702708686858763,3.0155800863737876
424.0,2.6987140468778463,3.0138759353387634
425.0,2.694656612160891,3.012245783746389
426.0,2.69081952466335,3.0107809884604286
427.0,2.687255679763146,3.0094797210824087
428.0,2.684003117642668,3.0083461591998364
429.0,2.681028216231574,3.007314499402408
430.0,2.6781679420948192,3.00633234953596
431.0,2.675304927079861,3.0054712548165994
432.0,2.6726130515954836,3.0048863191891284
433.0,2.670025338695515,3.0045856058893152
434.0,2.6676300150118606,3.0046208048305814
435.0,2.6653616989140163,3.00489904936584
436.0,2.663122167114209,3.005292217986818
437.0,2.6609955011690047,3.0056870740492463
438.0,2.659339323226236,3.0064415660352184
439.0,2.657817581089494,3.0072793651951084
440.0,2.6565952992033397,3.008365340168792
441.0,2.6557276977985165,3.009643982856217
442.0,2.654995287864294,3.010928847657984
443.0,2.654298367832821,3.0122601765456465
444.0,2.6538686586637015,3.0138977348553215
445.0,2.6536346746364545,3.0157902558720027
446.0,2.653764748047073,3.0180496290294303
447.0,2.6541948386552887,3.020314640905526
448.0,2.6549361336982376,3.0225881210060295
449.0,2.6560073289875157,3.024805675168403
450.0,2.657414077548757,3.026899212083806
451.0,2.6591818008561563,3.0289704949957703
452.0,2.6612971973532114,3.0310243483425103
453.0,2.6636939193139773,3.03307820188415
454.0,2.6662336069258243,3.035081861376233
455.0,2.6689724122128933,3.037046765866074
456.0,2.6720207048606586,3.0390758842976626
457.0,2.6752103288960485,3.041161892586392
458.0,2.678465655919891,3.0432291367068016
459.0,2.6817753901616532,3.0452026459726533
460.0,2.6851989113229404,3.0471475596033413
461.0,2.688720251919514,3.0490662234615287
462.0,2.6923522880945905,3.05090341056217
463.0,2.6960727740931163,3.0526229719161746
464.0,2.699937404168953,3.0542947061634322
465.0,2.703766874861321,3.0557801113717162
466.0,2.707741529428902,3.0572974983921983
467.0,2.7119646772615003,3.0589076539498543
468.0,2.7163110965451276,3.060537671463301
469.0,2.720398831640927,3.0618259900885945
470.0,2.7244600983552996,3.062958990559926
471.0,2.72838443676151,3.0636839099670903
472.0,2.7320856484100275,3.064027466871606
473.0,2.7357053312704984,3.064110095040042
474.0,2.739247098083437,3.063905448708555
475.0,2.7425325174209316,3.0632247573511178
476.0,2.74571178449969,3.0621764767190123
477.0,2.748592552317188,3.0606092504230054
478.0,2.75116615731789,3.058746727726805
479.0,2.7535845467020206,3.0567710505564576
480.0,2.7558634266960693,3.0547507294131466
481.0,2.7578687022429738,3.0525386221982402
482.0,2.759716162803708,3.0502641897117653
483.0,2.7613575464683,3.047906526985567
484.0,2.7628831077088494,3.04541477797208
485.0,2.7643511458022765,3.0428549035424304
486.0,2.7658014827115447,3.0403160567333396
487.0,2.7671855781193213,3.0376956094214322
488.0,2.7685579086900844,3.034915368760102
489.0,2.7699742332806783,3.032112807726936
490.0,2.7715188559584,3.029508648288295
491.0,2.773229153763708,3.0271284407013286
492.0,2.7750797077507094,3.024906680996999
493.0,2.777237871606979,3.022972056761861
494.0,2.7795937852723855,3.021178103377085
495.0,2.7820827765728975,3.0194167668496283
496.0,2.7847934405110855,3.0177298064114364
497.0,2.7877080741253346,3.0160770637155103
498.0,2.790708037317434,3.014413538201053
499.0,2.7938096175921294,3.0127961622045367
500.0,2.796955221999493,3.011253968995469
501.0,2.8001070417889835,3.009778283464816
502.0,2.803259980042222,3.0085609080651303
503.0,2.8063405523258673,3.0075321835805795
504.0,2.8093593008173885,3.0066705423500846
505.0,2.8122141441435895,3.005895212201811
506.0,2.814865558500907,3.0052075617092293
507.0,2.8173745043088774,3.0046836133581563
508.0,2.8196235746781886,3.0042301336286763
509.0,2.821677482480812,3.003916784047153
510.0,2.823420985015721,3.0036118310093265
511.0,2.824853780605237,3.003341881888081
512.0,2.825958074490152,3.0031957465361305
513.0,2.8266337647034976,3.003077232105019
514.0,2.8268777679867334,3.0029544430928117
515.0,2.826767967294642,3.0029170866519252
516.0,2.8262638644571227,3.0029778389669106
517.0,2.825389924324263,3.0031377243631336
518.0,2.8242995380981784,3.003542028317249
519.0,2.8229395599390297,3.004092787819702
520.0,2.821324251938651,3.0047978727461104
521.0,2.819406345531246,3.0055770640108355
522.0,2.8172083425959755,3.0064335057861404
523.0,2.814801746888441,3.007402096057715
524.0,2.8120067370988497,3.00836948720845
525.0,2.809020099320075,3.009449124039329
526.0,2.8059157813600475,3.0107048655985698
527.0,2.8027074773129224,3.012072002504197
528.0,2.799294791416341,3.0134109840586882
529.0,2.7956848555284877,3.014625345916553
530.0,2.791979982096618,3.015836216149526
531.0,2.7882636345314706,3.01711285164838
532.0,2.784523756088126,3.018451177611819
533.0,2.7807596286742653,3.019797416674392
534.0,2.7769839646159533,3.021118344021004
535.0,2.773194848666006,3.02235553173898
536.0,2.769395097552632,3.023535822179298
537.0,2.7655674174620266,3.024632445139087
538.0,2.7616337703657945,3.025560401047941
539.0,2.7575682443705127,3.026353124359021
540.0,2.7533820535920586,3.0271012584046124
541.0,2.7490406538718952,3.027818227642051
542.0,2.7444387657967297,3.0283728356687654
543.0,2.739636610305146,3.028730140729849
544.0,2.7346342866955498,3.0289012616197217
545.0,2.72949534723831,3.028945990261015
546.0,2.7240774724639074,3.0288363980299113
547.0,2.718498753150046,3.0286945504479754
548.0,2.712754174056948,3.028566159446683
549.0,2.7067591772391753,3.0283443146282747
550.0,2.700640741258609,3.0281677928229227
551.0,2.694427593087698,3.0280493104031536
552.0,2.6881468864440023,3.0280038350827345
553.0,2.6818765790485415,3.0279641707039446
554.0,2.6756620517764946,3.027958311052569
555.0,2.6695680868583223,3.0279649404988676
556.0,2.66357338593009,3.0280100198379416
557.0,2.657620276200798,3.027968918040948
558.0,2.651762670270629,3.027820426098763
559.0,2.6460778175676927,3.027662094755496
560.0,2.6405139623600506,3.0275475049910834
561.0,2.6350333596763273,3.0274246649662104
562.0,2.6295756916761603,3.0272249994516556
563.0,2.624165011556143,3.0269691196620814
564.0,2.61873874013063,3.026632673253899
565.0,2.613383902035513,3.0263306013557703
566.0,2.608036872696797,3.02611168730117
567.0,2.6027059900059504,3.025927155993345
568.0,2.5973843214800514,3.025767438171921
569.0,2.5920602198881717,3.0256391696460287
570.0,2.586796269063913,3.025595989070661
571.0,2.5815578625804196,3.0254430398408876
572.0,2.576330964296672,3.0251730309735136
573.0,2.5711539530967524,3.024884233245998
574.0,2.5660179717152287,3.024677133623305
575.0,2.5609378242875733,3.024565978454898
576.0,2.555859090890009,3.0244914775212046
577.0,2.5508299544525155,3.0244360563792174
578.0,2.5458622652334273,3.024391107994921
579.0,2.5409751668506213,3.024294517123267
580.0,2.5361324912198313,3.024110859956135
581.0,2.5312864265443187,3.023892747622955
582.0,2.5264162499819376,3.02364230217791
583.0,2.521501084892539,3.02332226092325
584.0,2.5164678066020145,3.0229796398202478
585.0,2.5113025997738267,3.022593417176832
586.0,2.5059973617097353,3.0221475573144145
587.0,2.50054927990818,3.0216211129218267
588.0,2.4949725633052555,3.021053968250052
589.0,2.4892353144128787,3.020511459707564
590.0,2.4833173198508725,3.0199535516344413
591.0,2.4773120306504026,3.019410869177424
592.0,2.471223712883393,3.0188645388957784
593.0,2.465169936285216,3.018342685643652
594.0,2.4592287785171107,3.017847288352129
595.0,2.4534378108307417,3.0173866697742016
596.0,2.4477914947512573,3.01693832396791
597.0,2.442324829887169,3.016503884297202
598.0,2.4370974829496896,3.016159759543915
599.0,2.43207427878633,3.015850742448533
600.0,2.4272632874937523,3.0155861565351225
601.0,2.422673305788522,3.0153518538858806
602.0,2.418284533206932,3.015274911155235
603.0,2.414102273518185,3.0153980118275814
604.0,2.4101054417630783,3.01572491283462
605.0,2.4062584087648036,3.016261120211378
606.0,2.402510457486768,3.016990397082801
607.0,2.398813186712471,3.0179437386452523
608.0,2.3951047749441168,3.019165333679895
609.0,2.391356203628311,3.020657872879464
610.0,2.387529477317096,3.022360849080879
611.0,2.3836423953575436,3.024252379682995
612.0,2.3796767490921367,3.0262937771480196
613.0,2.375648888412883,3.0284336162973875
614.0,2.371573892384212,3.0306531155855945
615.0,2.3674680573964824,3.032924314210641
616.0,2.3633539557169625,3.0352294200407615
617.0,2.3592545467054773,3.0375751085588254
618.0,2.3551960457454033,3.03995028715333
619.0,2.3512219903731486,3.0423356312188226
620.0,2.347378964719265,3.044697407944705
621.0,2.3437130283949617,3.0470128333214728
622.0,2.340263461122577,3.0492616026748514
623.0,2.3370770073402065,3.0514483144464926
624.0,2.3341804846216507,3.053571276357893
625.0,2.3315885365657962,3.055667509186515
626.0,2.3293233721621567,3.057745833280331
627.0,2.327393727689162,3.059801361336389
628.0,2.325785405090852,3.0618403389506685
629.0,2.3244702955489647,3.0638743766946503
630.0,2.323463817987553,3.0659645371202786
631.0,2.3227005891516717,3.0680965127915534
632.0,2.3221074970138194,3.0702772598559416
633.0,2.3216434947358007,3.0725109688428973
634.0,2.321292328091801,3.0748103567800116
635.0,2.3210311116998894,3.0771667527086732
636.0,2.3208324019112614,3.0795636284300096
637.0,2.3206914312096045,3.082012367363949
638.0,2.3205863782437355,3.084484456581534
639.0,2.3205175833656044,3.0869378973976738
640.0,2.320478382598238,3.089338811586046
641.0,2.3204783008133223,3.091697142922871
642.0,2.32049231627491,3.0940186117126314
643.0,2.320534112614485,3.0962949942054316
644.0,2.3205664209189267,3.098495446541997
645.0,2.320569809942735,3.100597388927313
646.0,2.320530188492329,3.1025974018278983
647.0,2.3204503445866616,3.10450728742574
648.0,2.3203286367065017,3.1063187247864246
649.0,2.320188357729509,3.1080426700835626
650.0,2.3200449829074525,3.1096634497833953
651.0,2.3199184515216444,3.1111909748651096
652.0,2.319844242334048,3.1126303651859475
653.0,2.3198542632763357,3.1139754832765076
654.0,2.319944640248435,3.115202879908374
655.0,2.3200835740885193,3.116335448379059
656.0,2.3202506124750943,3.117365822523157
657.0,2.3204546860738198,3.118286097521555
658.0,2.3206901897398806,3.119126688232771
659.0,2.3209674721656333,3.1199273639729124
660.0,2.321304240225156,3.1207201901534525
661.0,2.3217501173971384,3.121510151401485
662.0,2.3223927172253247,3.122286416869946
663.0,2.3232946245149924,3.123041570330879
664.0,2.3245147094790237,3.1237626882749203
665.0,2.3261122288449276,3.1244249984216927
666.0,2.328129939571579,3.1250006814697064
667.0,2.330626749256161,3.1254677175616656
668.0,2.333621199496534,3.1258106107891335
669.0,2.3371294818386317,3.1260408312824133
670.0,2.3411224297959663,3.1261857569676734
671.0,2.3455633134198353,3.1262694468230925
672.0,2.3503945525228227,3.1263378837612095
673.0,2.3555621743099606,3.1264276935094193
674.0,2.3609824782881086,3.126571648913543
675.0,2.36660072661378,3.126826260031541
676.0,2.3723481871065077,3.1272340213603056
677.0,2.378157025459137,3.127821516682054
678.0,2.3839382601382817,3.1285836901587185
679.0,2.389606547486894,3.129516094707068
680.0,2.395082755681172,3.130598510719237
681.0,2.400302544564121,3.1318260302903846
682.0,2.405176502752522,3.133167620704497
683.0,2.4096223079006864,3.134605353666138
684.0,2.413580660197008,3.136130317600752
685.0,2.417010360588793,3.137719651305744
686.0,2.4198718997240265,3.1393089340605496
687.0,2.422177887979339,3.140877593286956
688.0,2.4239560123516806,3.1424320354308777
689.0,2.4252634965459388,3.143970991554726
690.0,2.4261665861953374,3.145490090015326
691.0,2.426728342411813,3.146985117525008
692.0,2.4269832002223515,3.14843736067859
693.0,2.4269554181304174,3.149872375816248
694.0,2.426688349925516,3.15130120749703
695.0,2.426216131657778,3.1527211640215147
696.0,2.4255854725789687,3.1541213509048203
697.0,2.4248428845531813,3.155462315415901
698.0,2.424008377460231,3.1567026354719006
699.0,2.4231131534771215,3.1578311597340236
700.0,2.422173463406908,3.1588354079359173
701.0,2.421225782248339,3.1596822306118617
702.0,2.4202732713812014,3.1603615885962197
703.0,2.419330290718607,3.1608746967203323
704.0,2.4183848924118427,3.161226202323041
705.0,2.4174283876629112,3.1614276698096844
706.0,2.416446434316861,3.1614939273923643
707.0,2.4154425088193787,3.161432138525725
708.0,2.414409320358396,3.1612407942360323
709.0,2.4133505639280237,3.1609166355750693
710.0,2.412269425140398,3.1604592604610415
711.0,2.411177948603687,3.1598420232771653
712.0,2.4100860947133844,3.159030136927426
713.0,2.409011571885853,3.1580010707240453
714.0,2.4079686461279453,3.156739738013188
715.0,2.4069517614467637,3.15525276816218
716.0,2.405981588566032,3.153576821565936
717.0,2.4050997222997,3.1518074932683264
718.0,2.404313665094972,3.149967681434527
719.0,2.403619044728239,3.1480452120949822
720.0,2.403010423535875,3.1460482243679335
721.0,2.402480965198966,3.143978922721656
722.0,2.402042810499796,3.1418346862695317
723.0,2.401745490722737,3.1396412674189054
724.0,2.4016024725984146,3.137401203052979
725.0,2.401622632437334,3.135110273335228
726.0,2.4018340676738035,3.132755028336557
727.0,2.402251452434167,3.130326751198027
728.0,2.402903864993908,3.1278817633065246
729.0,2.4038030313078442,3.125455607963766
730.0,2.404922729611469,3.1230373733216
731.0,2.4062590758900577,3.1206371156394397
732.0,2.40778503882047,3.1182843890685628
733.0,2.4095079732009324,3.1159964306313737
734.0,2.4113919707259734,3.1137750557668578
735.0,2.432748838984713,3.1167045814487193
736.0,2.4536649522614447,3.119720642935326
737.0,2.474136038200591,3.122892810625208
738.0,2.4939479444877497,3.126253802184404
739.0,2.5129211583867583,3.129864339529624
740.0,2.531271935301378,3.1338737427841976
741.0,2.5490330766211176,3.1377106201432268
742.0,2.566230302915499,3.141476971250846
743.0,2.5827367014117417,3.1453431049400122
744.0,2.598670426004304,3.1495587668447915
745.0,2.6144925432886037,3.1540019938997492
746.0,2.6304436363369863,3.158595989695599
747.0,2.6464892000490225,3.1631399529080557
748.0,2.6627509873390043,3.1677389079854836
749.0,2.679220739770885,3.172560005075146
750.0,2.6959507954285806,3.1777852994432467
751.0,2.712683814897596,3.183080969446019
752.0,2.729140421023968,3.1883218087489924
753.0,2.7452314904615616,3.1934031664763114
754.0,2.760779347180214,3.1981469814408996
755.0,2.7760803959445326,3.2028600615156226
756.0,2.7912927499294224,3.207985402367197
757.0,2.806376704184917,3.213326154822318
758.0,2.8210739358798973,3.2187164546373164
759.0,2.834990906992764,3.223967318815095
760.0,2.8482124579183465,3.229476637665557
761.0,2.861087585975234,3.235229673165828
762.0,2.8737787937037016,3.2409439931416935
763.0,2.886402919199236,3.2463845013772827
764.0,2.8990439674203223,3.2515640453277883
765.0,2.9117314973647006,3.256840064430569
766.0,2.90520454023313,3.2569874214595087
767.0,2.8990000781316976,3.257237281312015
768.0,2.89297911677044,3.2573860500585647
769.0,2.8873148348382065,3.2580346800633047
770.0,2.8821385521837453,3.259342496244609
771.0,2.8771677254933934,3.260695199336543
772.0,2.87213172434353,3.261752437529387
773.0,2.866821662478036,3.2622478512422344
774.0,2.861604092932037,3.262404992673234
775.0,2.8565042072548863,3.2619408672740664
776.0,2.851201697410513,3.2610878219728936
777.0,2.8454843674021557,3.2601184312285865
778.0,2.839283062259865,3.2595932343089946
779.0,2.8323083999775385,3.2594986461253748
780.0,2.8244695382617966,3.2595764597662082
781.0,2.8159004155387177,3.2595422738211
782.0,2.8068622227949023,3.2594332944244764
783.0,2.797723693357013,3.2591316656669673
784.0,2.7887995268775185,3.258826971220307
785.0,2.780229784214749,3.258953356327185
786.0,2.771943117948438,3.259550570232662
787.0,2.763978256619885,3.2599719873112356
788.0,2.756397291319483,3.260261899981078
789.0,2.7495214764085887,3.260718334927244
790.0,2.7435617578996765,3.2615093769975587
791.0,2.738352668737718,3.2620728816893596
792.0,2.733405081452957,3.262371219045096
793.0,2.728630260186953,3.26262084006329
794.0,2.7241412393530604,3.2628843810129777
795.0,2.71980618051354,3.263238656172379
796.0,2.71544431729754,3.2632878724490118
797.0,2.7108004506523002,3.262787632931957
798.0,2.7062166566475927,3.262054232738792
799.0,2.701610198565348,3.2613758178194687
800.0,2.6442924784371775,3.0141459749115826
801.0,2.6388591457058297,3.0130705672155367
802.0,2.631786691386262,3.011298034185388
803.0,2.6255165481379317,3.010974977812287
804.0,2.6208026549572825,3.0120273208950064
805.0,2.616337086389847,3.013787081202449
806.0,2.611482017465976,3.0158239331362937
807.0,2.6061212990038727,3.017840572389312
808.0,2.6005976564594144,3.0197395960034346
809.0,2.59532601089624,3.021490329238148
810.0,2.590444695467524,3.0227198392680275
811.0,2.5857610476578383,3.023383218270623
812.0,2.581190422452614,3.023823800179004
813.0,2.5770205684924794,3.024192266212965
814.0,2.573189800730967,3.0247233158508076
815.0,2.5694827309904182,3.02554816873434
816.0,2.5658777614835375,3.0264392337152164
817.0,2.5623165132237884,3.0272144994109054
818.0,2.558742519949133,3.027789029291934
819.0,2.555145102095695,3.028346519280747
820.0,2.55140902694721,3.028689706001143
821.0,2.5476459544916246,3.0288601427002093
822.0,2.543861401810595,3.02917172030873
823.0,2.5399593601473303,3.0297801775508804
824.0,2.5359546802658515,3.03069254842123
825.0,2.5318799937076513,3.0318271663645993
826.0,2.527778044405529,3.0333249358285026
827.0,2.52390749409011,3.034989175998793
828.0,2.5203895982607003,3.036783009327825
829.0,2.517253150726524,3.0384206661257878
830.0,2.5144751926024593,3.039768810592008
831.0,2.5120173357990447,3.0405257215022785
832.0,2.5096634377566387,3.0405517141007325
833.0,2.507463564453143,3.04016374304035
834.0,2.5050576324690335,3.0396931351044776
835.0,2.5024337796904077,3.039403720066628
836.0,2.499438401274772,3.0395619834912666
837.0,2.4960582166431475,3.040501352402793
838.0,2.492379725874402,3.042385462533874
839.0,2.488605081249571,3.044494569043456
840.0,2.4849180711698846,3.0465435654890696
841.0,2.481417628021708,3.0487493812955404
842.0,2.47828258347142,3.050678427970763
843.0,2.4757126860754175,3.0520176503689544
844.0,2.4735669097244877,3.0529635756813085
845.0,2.4718092759597954,3.053588787782276
846.0,2.4701599603937927,3.0539236584282867
847.0,2.4684774302229506,3.0542466834450805
848.0,2.466656115158057,3.054288682612143
849.0,2.464565471721704,3.0542854565094633
850.0,2.4623176639997064,3.0539977879852547
851.0,2.459860513741575,3.0538321277385494
852.0,2.4571406235776863,3.053664987666892
853.0,2.454639854131356,3.052615035443051
854.0,2.452578160852937,3.050376112682976
855.0,2.4508158205254507,3.0475036409569776
856.0,2.4489373324157127,3.0445799687724366
857.0,2.4465835162460676,3.0418106897503328
858.0,2.4433915865946636,3.03959208089773
859.0,2.4396121626711844,3.0373881034225554
860.0,2.4355778816423195,3.034871524303034
861.0,2.4313779446812482,3.0327344895921566
862.0,2.4270876573018674,3.031608838229253
863.0,2.4232022869771295,3.0307691263596346
864.0,2.41997991285508,3.0296748993325786
865.0,2.417438595274913,3.0285008333263344
866.0,2.415765553603249,3.0268161182212086
867.0,2.4149722189945297,3.0248509409279842
868.0,2.415012953202439,3.021236273589218
869.0,2.415672666110461,3.016474716470612
870.0,2.4165564885962274,3.0112006887836382
871.0,2.41724738555818,3.0061595998948007
872.0,2.4171984259442416,3.001711502155769
873.0,2.415867404285153,2.9984793199949853
874.0,2.4133044525513974,2.9959186196260794
875.0,2.4095365228760786,2.9935894066994697
876.0,2.4049896038526213,2.991264210395449
877.0,2.4000131560989617,2.9889191302703257
878.0,2.39452032383391,2.986368746400768
879.0,2.3888869187748263,2.9838719392796147
880.0,2.383159626021668,2.9815238198999148
881.0,2.3774584092215783,2.979679109363415
882.0,2.3722211519554017,2.977824269586608
883.0,2.3674766136740657,2.9759179321077647
884.0,2.3629597026715023,2.9740328432404066
885.0,2.3585409164904516,2.9722770278350663
886.0,2.3543740805475126,2.97058435715932
887.0,2.3508927974398923,2.96883687195767
888.0,2.348395135709441,2.9666935326459605
889.0,2.347141240574471,2.964028620589125
890.0,2.3469783724113955,2.96148798461129
891.0,2.3472423924058576,2.959704563935111
892.0,2.347718036153239,2.958120064850545
893.0,2.3484521812534727,2.9558891232951248
894.0,2.348769943529987,2.953455944939264
895.0,2.3481714774465035,2.9511865717529524
896.0,2.3467495358118002,2.9486881936165594
897.0,2.344444065541677,2.9460419505923547
898.0,2.3415831616132894,2.943044345449346
899.0,2.338401689289838,2.940989561137502
900.0,2.3350582256229924,2.9394415144979016
901.0,2.331710112575278,2.9381993621555895
902.0,2.3286270177203163,2.9366773859477093
903.0,2.326290225986351,2.934656010652734
904.0,2.325007891615956,2.93216041440169
905.0,2.3247566378319733,2.9299360349907926
906.0,2.3255750940968873,2.928197321494647
907.0,2.327244804788492,2.9269363515857143
908.0,2.3297489331678687,2.926320027536055
909.0,2.3330520551525926,2.9261000528866488
910.0,2.336846942712673,2.926110522507941
911.0,2.341023014589895,2.9263541932192556
912.0,2.3454144580761738,2.926627307754709
913.0,2.349884567543734,2.9272087863875718
914.0,2.3545969643262756,2.927995652781742
915.0,2.359315489021831,2.929363569694912
916.0,2.36398502209634,2.9312025524055074
917.0,2.368693057984528,2.933368449122851
918.0,2.3732005950655934,2.9355380991068984
919.0,2.3776937704278334,2.9377761825053677
920.0,2.3821468156251147,2.939942136876629
921.0,2.386400088627285,2.9420012713057897
922.0,2.390844037771566,2.9440372574057236
923.0,2.3957528467504523,2.94607434631164
924.0,2.4011991220958135,2.9482570998705167
925.0,2.4073267353446854,2.9506876749932194
926.0,2.41433490489198,2.9534552138615715
927.0,2.4220838167368224,2.956641913741695
928.0,2.4302480107300783,2.9603499309982566
929.0,2.438635199662603,2.96436217201644
930.0,2.4469596870139836,2.9682836121803944
931.0,2.455193599357873,2.971982736690882
932.0,2.4632992603897184,2.9754652115956803
933.0,2.47109643709099,2.9789756306966733
934.0,2.478315857925119,2.9823283553700755
935.0,2.485041392809534,2.9856867876631967
936.0,2.491392072080031,2.9887706281484223
937.0,2.4974928385129496,2.991433610100932
938.0,2.503298662537074,2.993892022129077
939.0,2.508762942781427,2.995992671726173
940.0,2.5138658093583293,2.997834441256856
941.0,2.518523743536739,2.999377922630431
942.0,2.5228727440002015,3.000631164778646
943.0,2.5269533976228535,3.0016402779563065
944.0,2.5307991828099623,3.002379645191565
945.0,2.5341887747782357,3.0031168040571767
946.0,2.5371170146286612,3.0040667892454165
947.0,2.5397581362222317,3.005127460341175
948.0,2.54192933520645,3.0061035930905455
949.0,2.543645582767364,3.0071410298670096
950.0,2.5447691596447077,3.0080688365156547
951.0,2.5452428308395056,3.0091018535107263
952.0,2.545109331282293,3.0102641643830803
953.0,2.5442862406454534,3.011310651660687
954.0,2.5426603306368003,3.0118585956768658
955.0,2.5402900496167975,3.0120134071521107
956.0,2.537308840036251,3.0118804679291036
957.0,2.5337305261894443,3.0115952212433283
958.0,2.529677622417509,3.0111332885718003
959.0,2.525325116659122,3.0106266951605445
960.0,2.520565605890374,3.010197209637078
961.0,2.5153884534694875,3.009922161897728
962.0,2.5097786198132574,3.0097624053783645
963.0,2.503747700616448,3.009801533803
964.0,2.497364495711108,3.0098708075888094
965.0,2.4908365220422857,3.0102133902373294
966.0,2.4842206636129527,3.010528633554707
967.0,2.4774221077103054,3.011079380678014
968.0,2.470571605420302,3.01194689070374
969.0,2.463559538541145,3.0130667088621643
970.0,2.4562846208150857,3.0142924068058345
971.0,2.448977327958643,3.015582058736065
972.0,2.441724137288215,3.016942316915553
973.0,2.4346404767647276,3.0181029922212597
974.0,2.4276927704466154,3.0191875019517975
975.0,2.420758057119226,3.020222518052035
976.0,2.413770520610812,3.0208565807005563
977.0,2.4067520853295132,3.021152494327025
978.0,2.399628163423346,3.0215211789379723
979.0,2.3924186112726993,3.021900283379334
980.0,2.38515629750054,3.022234112964062
981.0,2.3779058490532576,3.0223712877010342
982.0,2.370668882377392,3.022072083887987
983.0,2.363445492289828,3.0214702559138202
984.0,2.356210140958635,3.0207231502300527
985.0,2.34900363907767,3.0200370531576937
986.0,2.341747052479675,3.0194046718902134
987.0,2.3345663543408257,3.018673579849063
988.0,2.32755499615923,3.0176791206502576
989.0,2.3206780598916756,3.01650799109223
990.0,2.313914828627465,3.0150505246088013
991.0,2.3072261426884815,3.0130511595409466
992.0,2.300631035528388,3.0106952220457495
993.0,2.2941714973375436,3.0081948864843238
994.0,2.2878521385063806,3.0056555773905433
995.0,2.2818748156582975,3.003119646556575
996.0,2.276220814744618,3.0003712968160445
997.0,2.2707625888694527,2.9975888812289817
998.0,2.265390437605239,2.994856050479058
999.0,2.2599494656039756,2.992216031519844
1000.0,2.254526562528974,2.9895267772702594
1001.0,2.24920531096812,2.986792936103398
1002.0,2.2439079919875757,2.984055788890297
1003.0,2.2387483461537436,2.9815436255647843
1004.0,2.2337517443143575,2.9793613537424206
1005.0,2.2289173701784177,2.9772518749333057
1006.0,2.2243389413164936,2.9751567207532705
1007.0,2.220170771698737,2.9733479129291207
1008.0,2.2163552344040074,2.9717222754790287
1009.0,2.212910542663245,2.9701777081730927
1010.0,2.2098087604560988,2.968714323910967
1011.0,2.2069839906799267,2.9671729394951636
1012.0,2.2044069229095182,2.965775564298891
1013.0,2.20206736313091,2.9647569532619387
1014.0,2.1999935861706574,2.964063298947996
1015.0,2.1981026937824635,2.96352688186185
1016.0,2.196365214439549,2.9632205623102306
1017.0,2.194845834782765,2.9631751616708537
1018.0,2.1935309807783767,2.9634998382272575
1019.0,2.1923109105100504,2.964187737376875
1020.0,2.1912857135887234,2.9651668553481447
1021.0,2.190481059607374,2.9663607785599333
1022.0,2.1900336149934745,2.9681179310881536
1023.0,2.18975882687736,2.9700196709539126
1024.0,2.1897205974030793,2.9720524739521803
1025.0,2.1899348196067856,2.974354942771571
1026.0,2.1903205392757976,2.9768385471883887
1027.0,2.190913115864865,2.9794432463813094
1028.0,2.191567985387023,2.9818823356557282
1029.0,2.1924142776006392,2.983897063277839
1030.0,2.1933447149799,2.9855713859998647
1031.0,2.1944276738551576,2.98714622782319
1032.0,2.1957488828277905,2.988827259360604
1033.0,2.19724222255895,2.9907907601899675
1034.0,2.1986966829936176,2.992654725467836
1035.0,2.199899549389017,2.9943206434902105
1036.0,2.2008358616864707,2.9958282267103042
1037.0,2.2013641147764558,2.997231747995574
1038.0,2.2013658481459104,2.998428856460325
1039.0,2.201027755460178,2.999473633459999
1040.0,2.2003469936643523,3.0005714497911766
1041.0,2.199242912229577,3.0016457423517684
1042.0,2.197857506299779,3.0026587049038587
1043.0,2.1963515504120465,3.0034848259790956
1044.0,2.1947966520427338,3.0040532009252656
1045.0,2.1932309765805407,3.0044091920510594
1046.0,2.191701278259632,3.0042717917537654
1047.0,2.1902670728146525,3.003593802862718
1048.0,2.1888765672041552,3.0026560403941667
1049.0,2.1874420597098725,3.001688164263316
1050.0,2.186126556239521,3.000731997938445
1051.0,2.184900488413454,2.999669093581274
1052.0,2.1837386613281398,2.998426169157209
1053.0,2.1826449754976283,2.996974082947912
1054.0,2.181818234325909,2.995861038568984
1055.0,2.180963843064112,2.994606317120036
1056.0,2.1800388079458655,2.9932720616828394
1057.0,2.178853177728569,2.9918791681081407
1058.0,2.1772562972414495,2.9905178201404254
1059.0,2.175488434573665,2.989700192114133
1060.0,2.173374127696412,2.9894476096389058
1061.0,2.1711372955601766,2.9891638685467945
1062.0,2.168713788703947,2.988766681089893
1063.0,2.1662417930392777,2.988108880458525
1064.0,2.163916058530509,2.9872404439663427
1065.0,2.1619317826442765,2.9866274701635014
1066.0,2.160331892815644,2.98612685349774
1067.0,2.1591469837759525,2.985859909034203
1068.0,2.158395375057228,2.9860360125278955
1069.0,2.158052703669537,2.9866465266486575
1070.0,2.157901512555048,2.9870454258003445
1071.0,2.1578079995781327,2.9871036329533296
1072.0,2.1578073433477556,2.986966451812742
1073.0,2.157777361834195,2.987123381398206
1074.0,2.157653012863571,2.9875019950818604
1075.0,2.1574965646202227,2.9878051196915507
1076.0,2.1571890247007697,2.9881376089975036
1077.0,2.156815318086002,2.989020569656343
1078.0,2.156437753735513,2.9907756485269896
1079.0,2.156167584986857,2.99328062626782
1080.0,2.1559031465731238,2.995990247636378
1081.0,2.1551817593516693,2.9981911714277376
1082.0,2.1542103025760135,3.0000089603948297
1083.0,2.1529394130310364,3.001626456059114
1084.0,2.151222445310647,3.002988255224118
1085.0,2.149209094597516,3.003944188671942
1086.0,2.147155795799244,3.0049898189992317
1087.0,2.1451298768601954,3.005576660015961
1088.0,2.1432077923910464,3.0057667298663784
1089.0,2.1412978657528123,3.005388636405341
1090.0,2.1394515908376,3.0045923212706773
1091.0,2.1377724150448527,3.0032706910954343
1092.0,2.1359778061504677,3.001941951633366
1093.0,2.1341848827086016,3.0007416275687353
1094.0,2.1321771673861694,2.9996655172335354
1095.0,2.1299217167907765,2.9986495067919603
1096.0,2.1273352617681645,2.9972128005477328
1097.0,2.124591213176794,2.9956249047636785
1098.0,2.12159255452098,2.993845404356051
1099.0,2.118310412461483,2.9916010407718705
1100.0,2.114833741682378,2.9887229503365575
1101.0,2.1114739069079533,2.9858939503697854
1102.0,2.108168790698683,2.9829484005026337
1103.0,2.105215650118318,2.9802489633091214
1104.0,2.1025681444949624,2.9776282323934846
1105.0,2.100153036383693,2.97465562823247
1106.0,2.0981041085958605,2.971625245748712
1107.0,2.096561596040279,2.968576020350998
1108.0,2.0953523074732203,2.9652966820162803
1109.0,2.0944618979895653,2.961942942319914
1110.0,2.0937960505530526,2.9581962251041873
1111.0,2.09334961688982,2.954369798121488
1112.0,2.0933649067930817,2.9507394545755505
1113.0,2.093504308550294,2.9470502674021724
1114.0,2.093856789595442,2.9433817116093905
1115.0,2.094505603890742,2.9399113323845647
1116.0,2.0952275034827372,2.936395024869865
1117.0,2.0961538397998147,2.932651690604363
1118.0,2.0972638218465494,2.9290297652556023
1119.0,2.09850664707146,2.9257170358129407
1120.0,2.0999977973540287,2.923036739891751
1121.0,2.101469004408954,2.9205946926708997
1122.0,2.1028071495476577,2.918072570212407
1123.0,2.1041709767785464,2.9155839626576987
1124.0,2.105291541723741,2.9126361415617117
1125.0,2.106140599732852,2.90933915303042
1126.0,2.10672684510434,2.905445234074616
1127.0,2.1071505348032837,2.9014436104419903
1128.0,2.1074753146492573,2.8976013809250984
1129.0,2.107997228284112,2.893985862349158
1130.0,2.108889979558257,2.89059600820873
1131.0,2.11025327785508,2.8876480233616686
1132.0,2.1118843729105787,2.8850375328318996
1133.0,2.11403217511166,2.8828307125831314
1134.0,2.1162996991421417,2.880276616333283
1135.0,2.118773289736165,2.87708039216
1136.0,2.1214841364997405,2.8739382916747958
1137.0,2.1241817902029925,2.870913898699882
1138.0,2.1268693459978145,2.867845310933112
1139.0,2.129661357167414,2.8648043543716377
1140.0,2.13241320893594,2.8615004998850413
1141.0,2.1349723416189823,2.8576099203955234
1142.0,2.1373335395438575,2.853117391141511
1143.0,2.1394909468568457,2.848550190038892
1144.0,2.141466007427874,2.84423830538632
1145.0,2.143245157839558,2.8401339801600556
1146.0,2.1448404666928633,2.835883603115253
1147.0,2.1463025673653813,2.8318839442878327
1148.0,2.147557919322222,2.828428816107417
1149.0,2.148594175376603,2.825165944428863
1150.0,2.1494483743130357,2.821999225887271
1151.0,2.1500108837154084,2.8187481046427125
1152.0,2.150364721189052,2.8153816008096983
1153.0,2.150403524063855,2.81236147969498
1154.0,2.1501006914508083,2.80936090580006
1155.0,2.1496166405884214,2.8066451621926958
1156.0,2.1488655880710272,2.804036066168483
1157.0,2.147906853578803,2.801820550555255
1158.0,2.146645162970467,2.7998425417961315
1159.0,2.145091226149501,2.7978256891758626
1160.0,2.1431226462403785,2.7955596227562354
1161.0,2.1406688557187015,2.7931477630766537
1162.0,2.1377476852207327,2.7905572115309707
1163.0,2.1345078568656444,2.787739426280106
1164.0,2.1311474256065326,2.784811592668297
1165.0,2.127979454418387,2.782087737471457
1166.0,2.125075003150826,2.7798094249889864
1167.0,2.122449401310176,2.777917988570531
1168.0,2.1200973609708953,2.776316785318468
1169.0,2.1178168694098556,2.77462501370389
1170.0,2.115533536720764,2.7727909578193537
1171.0,2.1133002871392446,2.7708270446295535
1172.0,2.111166630687806,2.7690927490900767
1173.0,2.1091226056928782,2.767566029319098
1174.0,2.1074479455623782,2.7661116706454045
1175.0,2.1062598513632858,2.7647001214694495
1176.0,2.1055653830722254,2.763453450684601
1177.0,2.105329330513842,2.7623034468031116
1178.0,2.1055155443654954,2.7611035181540697
1179.0,2.1061842815000786,2.759761907475014
1180.0,2.1073538652956074,2.758472997386974
1181.0,2.109104303304077,2.7572639633198572
1182.0,2.1114169742738063,2.7561448723334583
1183.0,2.114084248187993,2.7547942601686164
1184.0,2.1170470585345367,2.7532380069969355
1185.0,2.120193494801732,2.751708691259068
1186.0,2.1234242769957885,2.750344197800287
1187.0,2.126849574940697,2.749210298598089
1188.0,2.130269997947559,2.748143851317934
1189.0,2.1338230776353315,2.7469214766518903
1190.0,2.1374428303826614,2.745663184159926
1191.0,2.141010072722208,2.7444735926186183
1192.0,2.1444182729952184,2.743241786840198
1193.0,2.147625986522332,2.742166807203321
1194.0,2.1505847020503968,2.7414050836472104
1195.0,2.1530739564989476,2.7408013016151824
1196.0,2.1550742804674394,2.74042422543561
1197.0,2.1565174092835275,2.740229291226327
1198.0,2.157384429382772,2.7402597005323797
1199.0,2.1577770172078043,2.7405587711592596
1200.0,2.157883312068492,2.741406381752092
1201.0,2.1577720775118148,2.742613259309586
1202.0,2.1574694530751666,2.744045166417959
1203.0,2.156886543538832,2.74570864777256
1204.0,2.1561482320313576,2.747649037668184
1205.0,2.155046298798098,2.7498886747027997
1206.0,2.153614630992571,2.7523266631588736
1207.0,2.1519365201348353,2.754856396945553
1208.0,2.150195582117096,2.757486403712675
1209.0,2.1485773071953687,2.7601389646869294
1210.0,2.146988053525149,2.762706999408822
1211.0,2.1452950624863982,2.765225181834512
1212.0,2.1433520826875334,2.7676642989592857
1213.0,2.1412541213497613,2.7700707940019975
1214.0,2.139144115624978,2.772786494495708
1215.0,2.1371430235384095,2.775914575705766
1216.0,2.1352117837106004,2.7794436923159282
1217.0,2.1333119765029087,2.7832056307702744
1218.0,2.1313444462287627,2.7871278548417218
1219.0,2.1293477296224492,2.7911239636365313
1220.0,2.127408972892023,2.795279045190745
1221.0,2.1255474241676398,2.7992997552710164
1222.0,2.1238058952823367,2.803163840411891
1223.0,2.122290546125486,2.8069315822304497
1224.0,2.1209787766158645,2.8105545710521915
1225.0,2.119824131225933,2.8141228310401183
1226.0,2.118935827357545,2.8178126958082523
1227.0,2.1182680163681438,2.8213977188506445
1228.0,2.1178274440192904,2.824880825163375
1229.0,2.117420827370062,2.8282019066118678
1230.0,2.1170454364485662,2.8314777011801007
1231.0,2.1167057613947797,2.834693382523297
1232.0,2.1164936528638063,2.83788667522993
1233.0,2.1163886877595894,2.840789507869425
1234.0,2.1164765332017192,2.8435243063624767
1235.0,2.1167409881454624,2.84618089724253
1236.0,2.1172543197842972,2.848637733572726
1237.0,2.118011965885552,2.8508549993865566
1238.0,2.1189191486982035,2.852820857532118
1239.0,2.1198404760084806,2.854936431974197
1240.0,2.1203899060272646,2.857307273781327
1241.0,2.1204152971940706,2.8597853117029834
1242.0,2.1198808281651993,2.862029533402614
1243.0,2.1188214641986853,2.863895964905972
1244.0,2.11732171676503,2.865533184995665
1245.0,2.1155454271391854,2.866856710295247
1246.0,2.1136131445346593,2.867964061546637
1247.0,2.111526931200957,2.868814869227408
1248.0,2.109309676692152,2.8695392616825135
1249.0,2.107056929470219,2.8700939500770595
1250.0,2.104779250347212,2.870450066042365
1251.0,2.102392753917144,2.8707466878322974
1252.0,2.0998328592605957,2.871298910947756
1253.0,2.0970459343441927,2.872107886860509
1254.0,2.09389870610703,2.873026874223413
1255.0,2.0904792544114907,2.873943010526619
1256.0,2.086937785909109,2.8746902945417876
1257.0,2.083227192559997,2.8750676158829136
1258.0,2.079522818804817,2.87511578981244
1259.0,2.07604718700627,2.8747748965190265
1260.0,2.0730694124589295,2.8742411145583446
1261.0,2.0704752880111164,2.8733985252290313
1262.0,2.0682108399639207,2.872191332649225
1263.0,2.066307345356808,2.8709510575352115
1264.0,2.064811867405491,2.8701095670599517
1265.0,2.0636330373432084,2.8695737741301417
1266.0,2.062582384416265,2.8691032644692442
1267.0,2.061521093029573,2.8687662225071673
1268.0,2.0602884873578162,2.868728099447002
1269.0,2.0587552984518886,2.8689618804521344
1270.0,2.056879768059418,2.8692089229304982
1271.0,2.0549023599874108,2.8692218768682163
1272.0,2.053052004607459,2.869154289375333
1273.0,2.0513289534017147,2.869430360343487
1274.0,2.049751866164863,2.8699410936662075
1275.0,2.0483620690944973,2.8704833820230773
1276.0,2.047056349883164,2.871131385716498
1277.0,2.0457171889993724,2.8717336628233356
1278.0,2.044405002409251,2.872309299296102
1279.0,2.043240693092537,2.8729090088937634
1280.0,2.0421790533424526,2.873652419134397
1281.0,2.041232690403219,2.8745806103655935
1282.0,2.040354201968511,2.875658801243811
1283.0,2.039525687788642,2.8766946498115478
1284.0,2.038803137215823,2.8777487626021605
1285.0,2.038346049183724,2.8785955968627523
1286.0,2.0382274510198273,2.879189588248445
1287.0,2.038347653051765,2.8795688765683805
1288.0,2.038725004839888,2.8798743154592907
1289.0,2.039153635758513,2.880217874218367
1290.0,2.039520794188425,2.8807807697206593
1291.0,2.0397776392843925,2.8813767856514048
1292.0,2.0401388614397056,2.8817149500135826
1293.0,2.040442648761847,2.881881076975655
1294.0,2.0404774553604694,2.881776170819246
1295.0,2.040108333415991,2.881370863822692
1296.0,2.0393345142516366,2.8807305026172365
1297.0,2.0381621390863267,2.8800543679953154
1298.0,2.036642673644716,2.879422205539478
1299.0,2.0348844796434555,2.8789080969386234
1300.0,2.033012089602941,2.8785329510449613
1301.0,2.0311610685192263,2.878239041639296
1302.0,2.029370098600585,2.8781617650248
1303.0,2.0275348362266152,2.8782994188242177
1304.0,2.0257820892426945,2.8784943964678105
1305.0,2.0240605882921985,2.87876184146537
1306.0,2.0221933094740665,2.8791403902883075
1307.0,2.0200859362639525,2.879601341513225
1308.0,2.0176865586555794,2.880062663445521
1309.0,2.0150685463985134,2.880386607640566
1310.0,2.012065297295954,2.8802724268951385
1311.0,2.0086797813469337,2.879778510382008
1312.0,2.0050316489970745,2.8790409689940875
1313.0,2.0012414420679163,2.87799178574481
1314.0,1.9974501546796652,2.876553638644699
1315.0,1.993904951700167,2.874787389115682
1316.0,1.9907325805766944,2.8731790754189106
1317.0,1.9878690215106776,2.871950403689458
1318.0,1.9852579971305442,2.8710441564540807
1319.0,1.982789864765294,2.8702476416315403
1320.0,1.9804347439050727,2.869562346241062
1321.0,1.9780231580359158,2.868890242216747
1322.0,1.9755209141756893,2.8683537642787917
1323.0,1.9727708606246965,2.8682544387730924
1324.0,1.9699667127623735,2.8685352316168014
1325.0,1.9672582320350767,2.869262389073548
1326.0,1.9647730016585405,2.8703786443955868
1327.0,1.962655614431684,2.871970323989573
1328.0,1.9610337291048272,2.8738805163018624
1329.0,1.9598421336378014,2.8760286127270613
1330.0,1.9590964017027208,2.87816253482768
1331.0,1.9587105916376957,2.8801909894044573
1332.0,1.9585697553325603,2.8821624913943458
1333.0,1.9585186311783283,2.883739003620494
1334.0,1.9584698454546645,2.884739664747482
1335.0,1.9582701644064313,2.88518289943851
1336.0,1.95799510856458,2.8854303717341985
1337.0,1.957691989631388,2.885736289670403
1338.0,1.9574074666969397,2.8861958133229484
1339.0,1.9571754866193785,2.8869421781030145
1340.0,1.9569082268252678,2.8881728299029743
1341.0,1.9567421529338953,2.889889510156762
1342.0,1.9567622891402021,2.8919585310878073
1343.0,1.9568332188449953,2.8941915219328704
1344.0,1.95695488222674,2.8965296114350463
1345.0,1.9571732736352863,2.8992955950002512
1346.0,1.9573014559498676,2.902519026375451
1347.0,1.957085188332457,2.905925112181427
1348.0,1.9564763633752766,2.9094979230520615
1349.0,1.9555112601657894,2.913150033846793
1350.0,1.9543747142300365,2.917059310660583
1351.0,1.953207989065141,2.9211016816543753
1352.0,1.9521328667382365,2.925188462496425
1353.0,1.9511555445703244,2.9293618212524066
1354.0,1.9503607958231297,2.933740187233242
1355.0,1.9497570629630294,2.9384586651286257
1356.0,1.9494354923523178,2.943304168413036
1357.0,1.9495104301208688,2.948099911034264
1358.0,1.9498800921608832,2.9524618941788234
1359.0,1.9504574270767119,2.956483192127781
1360.0,1.9513583241219317,2.960075553987541
1361.0,1.9524644364027666,2.963329916482585
1362.0,1.9537508074417362,2.966478280916847
1363.0,1.955122147283997,2.969277380660876
1364.0,1.9564723997553766,2.9720934498084794
1365.0,1.9577204310587815,2.975163324841193
1366.0,1.958755358332975,2.9785739317371847
1367.0,1.9594901801736542,2.9823460686932863
1368.0,1.9598957251111557,2.9863904281503637
1369.0,1.959860890452741,2.9904748578758116
1370.0,1.9593270841248613,2.994604597284657
1371.0,1.9582716730252976,2.9985262192586406
1372.0,1.9566716418462842,3.002298424542162
1373.0,1.9546070787292353,3.005843952067189
1374.0,1.9523455765510223,3.009069067515738
1375.0,1.950087870833075,3.0120791272856047
1376.0,1.947886375248144,3.0148294539153113
1377.0,1.9460638511379247,3.0171288117735795
1378.0,1.9449009439663074,3.0192276837236895
1379.0,1.944424907617209,3.0209422186451054
1380.0,1.944480028687885,3.0222921684182467
1381.0,1.9449415910207515,3.023233027078352
1382.0,1.9455352679670495,3.0239561016778267
1383.0,1.9460850966143899,3.024622660876845
1384.0,1.9466264161769378,3.025241932099779
1385.0,1.9471323872330557,3.0258880745398815
1386.0,1.9476231804331805,3.0265351312469986
1387.0,1.9480409716415035,3.027362502355879
1388.0,1.9482881527507108,3.028650296485371
1389.0,1.9485770079585907,3.0304846116689577
1390.0,1.9490634925984724,3.0328694921401977
1391.0,1.9497743501919178,3.0358472796904095
1392.0,1.950786857768787,3.0392140913974584
1393.0,1.9520150613291996,3.042680547747035
1394.0,1.9533437997545862,3.0464551845608976
1395.0,1.9547071404635343,3.050438984139398
1396.0,1.9558855492307288,3.054287892609715
1397.0,1.956892351743403,3.057876102087485
1398.0,1.957686048879908,3.061032263508199
1399.0,1.958258574667058,3.0635884902621098
1400.0,1.9586759957446236,3.065747686352755
1401.0,1.9591949654919567,3.0673458323208935
1402.0,1.9599640215786853,3.0686644532688665
1403.0,1.9610398455121643,3.0697840224844097
1404.0,1.962353320144827,3.0709261588887693
1405.0,1.963948978209884,3.0720823248040188
1406.0,1.9657761294286238,3.0731777175109523
1407.0,1.9677751525797564,3.074306958395512
1408.0,1.9696355511896808,3.075350522632195
1409.0,1.9712518931040341,3.075959247685639
1410.0,1.972506145044003,3.0764303286772123
1411.0,1.9734438695098877,3.0770965729933684
1412.0,1.9737791677351835,3.0779593352008665
1413.0,1.9734370015139433,3.0790385720248046
1414.0,1.9724147107480956,3.0801661104283578
1415.0,1.9707447775438256,3.0811713877960143
1416.0,1.96878936119356,3.0819314351978253
1417.0,1.9668963223311104,3.082555713017702
1418.0,1.9651680957863675,3.083092851395655
1419.0,1.9636737666296185,3.083260242387204
1420.0,1.962294073352266,3.0831622120845363
1421.0,1.9609883132548274,3.0826568094017537
1422.0,1.9596043677670076,3.0818181577004036
1423.0,1.9580816769783524,3.081045591386363
1424.0,1.956725247964504,3.0802883253649243
1425.0,1.9556716958160876,3.079465898035102
1426.0,1.9548939752572005,3.0785221741783575
1427.0,1.9546324914981068,3.0776619719715526
1428.0,1.9549098641236986,3.0769505723339647
1429.0,1.9559351235798583,3.0765277653604604
1430.0,1.9577752494072875,3.0761455211334825
1431.0,1.960329286157012,3.0756067833722995
1432.0,1.9634030809184908,3.075180810422593
1433.0,1.9670763866349654,3.0745950413520604
1434.0,1.9713317181354193,3.0737508947552907
1435.0,1.976132824725118,3.0725660609839123
1436.0,1.9813275014093317,3.071270411936119
1437.0,1.9865742386462952,3.069781976882921
1438.0,1.9916516280140177,3.068037837672509
1439.0,1.996453671126297,3.066292666254874
1440.0,2.000856919487941,3.064597840502037
1441.0,2.004868630125899,3.062834325214037
1442.0,2.008419495597063,3.061011794613052
1443.0,2.0116085343041097,3.0589951676593397
1444.0,2.014559294826414,3.056980982822347
1445.0,2.0174304548750635,3.0551639008736777
1446.0,2.020397983053662,3.0536412553670935
1447.0,2.0232429449276452,3.0521102699269895
1448.0,2.025664792345707,3.0504795064498587
1449.0,2.0277755565078666,3.0484630847875946
1450.0,2.0296631444505286,3.0462018689405412
1451.0,2.031391223227981,3.043798756650948
1452.0,2.0330883467019105,3.041411770195881
1453.0,2.034760416577731,3.0390891693345554
1454.0,2.0362619987988966,3.036472446069193
1455.0,2.03746969697487,3.0336816817476877
1456.0,2.0385807089539707,3.0307229342147015
1457.0,2.039870899258174,3.0275999529206117
1458.0,2.0414364784669305,3.024391436326807
1459.0,2.0432487018684498,3.021138744637996
1460.0,2.0449030804162427,3.0176812832573203
1461.0,2.0461601033238015,3.014315533780855
1462.0,2.046880105925726,3.011146801335609
1463.0,2.0472353567411314,3.0079791145392187
1464.0,2.0470611984189606,3.0048036219549292
1465.0,2.0464931960462356,3.001886537698606
1466.0,2.045659294106484,2.9991981774214542
1467.0,2.0445979961494958,2.9967607194152865
1468.0,2.04354699304023,2.994670381734335
1469.0,2.0425428750752723,2.9925160595828353
1470.0,2.0417245595983182,2.990449236587224
1471.0,2.0412750233911456,2.9885933821459956
1472.0,2.041049527085106,2.986877821003342
1473.0,2.0407900182846865,2.985201665775483
1474.0,2.0408913878536974,2.9834908778535176
1475.0,2.041502474977685,2.981492852202427
1476.0,2.0424252106959124,2.9793127181330337
1477.0,2.0434667783773937,2.976892110067657
1478.0,2.0446054584498716,2.974597016487501
1479.0,2.0459952882567958,2.972643397904564
1480.0,2.0473839486279806,2.9709828009517905
1481.0,2.0487567733038268,2.9693278851188833
1482.0,2.049969115625336,2.967619761816767
1483.0,2.0510915675533763,2.9659801059243733
1484.0,2.052272823420584,2.964567355435538
1485.0,2.0534945508849107,2.9633961497858388
1486.0,2.054584282429323,2.9625748384447816
1487.0,2.055250981296923,2.96241654928238
1488.0,2.0556081465449045,2.962744234397693
1489.0,2.0555157671723596,2.963062391199262
1490.0,2.0549690560235225,2.96323803523858
1491.0,2.0539537139874993,2.9635726302385943
1492.0,2.052707441152785,2.9639910811018018
1493.0,2.0516783227112647,2.964482318415206
1494.0,2.050925796499141,2.9652740799843817
1495.0,2.050246373323602,2.9661222312631184
1496.0,2.0494043344245196,2.966653092681367
1497.0,2.0482801966409654,2.966993438925389
1498.0,2.046845287808315,2.966812535790819
1499.0,2.0454503349872346,2.9660766255634843
1500.0,2.04431687358594,2.9655010010441396
1501.0,2.0431056523218314,2.9651322875474233
1502.0,2.0414980523029502,2.964711815062002
1503.0,2.0394308950129316,2.9643951324108055
1504.0,2.037546474280938,2.9639272270143096
1505.0,2.0354182595397026,2.9633133877604116
1506.0,2.032980319050329,2.9628593845557876
1507.0,2.0304523836861517,2.9627206699744613
1508.0,2.027853910729079,2.9626398160396823
1509.0,2.025299349435099,2.962209895366478
1510.0,2.0227940122085153,2.9612484313531646
1511.0,2.0203523365892413,2.960540025275264
1512.0,2.0178577947582665,2.9605492027772415
1513.0,2.0156206471621827,2.960643640889933
1514.0,2.013566000468726,2.9604791718460834
1515.0,2.011303375727406,2.9596757185079716
1516.0,2.0093341809285654,2.9587685911071957
1517.0,2.0078066877498095,2.958122805619144
1518.0,2.0068587325257656,2.9576017531982526
1519.0,2.0061547828399053,2.957107534122489
1520.0,2.0053098441347847,2.956509122530948
1521.0,2.0043553620230465,2.955898206309353
1522.0,2.0032644667048265,2.9555070509940617
1523.0,2.0020539917754028,2.9549297224333992
1524.0,2.000794432143072,2.9541412659119883
1525.0,1.9992914614887636,2.9528988598149217
1526.0,1.9975799219098214,2.951783433973255
1527.0,1.9957607659707346,2.950975848336781
1528.0,1.9938689822509204,2.9508433572956467
1529.0,1.9919890670687286,2.9512511280446505
1530.0,1.989653833298971,2.952196286039206
1531.0,1.9871949272679914,2.9535402269907567
1532.0,1.9850235676782946,2.954719962935046
1533.0,1.98314602234908,2.9557496151179676
1534.0,1.9816286562926524,2.9565531753175285
1535.0,1.9797289530756261,2.957329476657907
1536.0,1.9773867998576964,2.9584779717143364
1537.0,1.9746392416251535,2.9598762746672667
1538.0,1.9713919892247511,2.961271463780607
1539.0,1.967827454561975,2.9627763928315742
1540.0,1.9645765581818673,2.9641103084879936
1541.0,1.9614956965929058,2.9652760260939535
1542.0,1.9587477226344956,2.9657916612074455
1543.0,1.9562751572394572,2.965926288819053
1544.0,1.9541506747089683,2.9664074000834617
1545.0,1.9520831059572967,2.967311796667589
1546.0,1.9499570369211723,2.9686678485494236
1547.0,1.9471618003572186,2.9699687981854606
1548.0,1.943836537923315,2.9709587960397723
1549.0,1.9401501300260051,2.9712099552633586
1550.0,1.9359911028323094,2.9704119709523593
1551.0,1.9319012849909085,2.9697146233137617
1552.0,1.927998303009062,2.969201076868629
1553.0,1.9242191305960024,2.968426253290425
1554.0,1.9204724849486472,2.9679799790743444
1555.0,1.916444842615459,2.9677783656264296
1556.0,1.9119907467250652,2.968028582079563
1557.0,1.907371581466688,2.968676785653504
1558.0,1.9029531035962006,2.96984238396086
1559.0,1.8982398848269697,2.9704976796314013
1560.0,1.89316603183816,2.9704766775741924
1561.0,1.888162407041463,2.970147068925136
1562.0,1.8827118535555638,2.969595126707081
1563.0,1.8765949146302943,2.968726120129174
1564.0,1.8703638521406543,2.967934759247175
1565.0,1.8644694334188106,2.967043510734244
1566.0,1.8596291481346057,2.9661068683164333
1567.0,1.8557302301204133,2.9649534388354772
1568.0,1.8524315221308274,2.9635360964786255
1569.0,1.8494783824812706,2.961877135007186
1570.0,1.8466745762878138,2.960133930179239
1571.0,1.843428855581189,2.958540482379008
1572.0,1.8397613957289758,2.9569384828771317
1573.0,1.8357368492066826,2.9555595243041743
1574.0,1.8315879574555876,2.9539355496971607
1575.0,1.8272116827423692,2.952041381269147
1576.0,1.8230549359280983,2.949722201545221
1577.0,1.8194848795622254,2.9473800911984074
1578.0,1.8166764930248824,2.9450842046540946
1579.0,1.8144138224721016,2.942685066581403
1580.0,1.812303565711586,2.9404817062394373
1581.0,1.8103442111001884,2.9391447968561586
1582.0,1.8083883020191511,2.9382901849151857
1583.0,1.8063152431882072,2.937512652164104
1584.0,1.8043764542321319,2.936862361862448
1585.0,1.802751162280511,2.9363799991853465
1586.0,1.8019334083965888,2.935796891243944
1587.0,1.8016860446960528,2.935015954128252
1588.0,1.801667433962381,2.933549643607638
1589.0,1.8017241567576168,2.931685934367616
1590.0,1.8025236021359907,2.9297225854690647
1591.0,1.8040598936076313,2.9282286202667165
1592.0,1.805969525302192,2.926585774864118
1593.0,1.8085222343217422,2.924526983704692
1594.0,1.8120724251491225,2.9226860676113517
1595.0,1.816073850454361,2.9211956951474014
1596.0,1.8199349728957914,2.9200495541573166
1597.0,1.823217838138412,2.9189586080153678
1598.0,1.8257707878891543,2.9180818970292384
1599.0,1.8278353141813621,2.9171222248538604
1600.0,1.829509671009887,2.916024341894162
1601.0,1.831062939232119,2.9147825060448658
1602.0,1.8325162544557039,2.9135166341377534
1603.0,1.8339777118432425,2.9121261220144765
1604.0,1.835423192024384,2.9106474958289783
1605.0,1.8370693890071688,2.9094781728610943
1606.0,1.8391664023342695,2.908196007999826
1607.0,1.841404774436084,2.9070367549382765
1608.0,1.8436123871390344,2.9058531821038067
1609.0,1.8456770793442248,2.9044529478555905
1610.0,1.8476333761210815,2.902881657989655
1611.0,1.8496083162664831,2.9013190941843865
1612.0,1.8515341619173769,2.899824451200833
1613.0,1.8532215744299374,2.8982152732336237
1614.0,1.8546059514455164,2.8965887058893807
1615.0,1.8559604675064612,2.894815197628803
1616.0,1.8573332286357362,2.892844085894809
1617.0,1.8584511465552498,2.8907770790536267
1618.0,1.8595455749867797,2.888517125844504
1619.0,1.8606955266863294,2.8864971046514802
1620.0,1.8616031983708208,2.8843942961924074
1621.0,1.8624226192704718,2.8824248300899655
1622.0,1.863158456419257,2.8804726108291936
1623.0,1.8638753948809885,2.8787158188224815
1624.0,1.864448729298923,2.877008975135166
1625.0,1.8647045303630607,2.8752061589467393
1626.0,1.8646170043410175,2.8731800649066086
1627.0,1.8645162554868353,2.871093118588248
1628.0,1.8643336355155986,2.8691249220340054
1629.0,1.8643267941121073,2.8671474961937427
1630.0,1.864457013995159,2.865342005397274
1631.0,1.8647993690311848,2.8635020053798295
1632.0,1.8652109481716623,2.8615806218186886
1633.0,1.8657160681753826,2.85986270579574
1634.0,1.8664513764740427,2.8585828983343795
1635.0,1.867212961405893,2.8573922899601762
1636.0,1.8678938410645656,2.8559184804545734
1637.0,1.8681868155168857,2.85465900246041
1638.0,1.8680304767346798,2.8534429784875015
1639.0,1.8676850690195002,2.8521366303512425
1640.0,1.8674391910323944,2.851277920084496
1641.0,1.8669407252349974,2.8506189041107373
1642.0,1.8660361914505899,2.8499333082811407
1643.0,1.8649214003726104,2.8490711698537012
1644.0,1.8638335593889992,2.848128971549109
1645.0,1.8629491692622628,2.847228937482228
1646.0,1.8620378980248138,2.8464045980654418
1647.0,1.8608344692787868,2.845506823317026
1648.0,1.8591602259832318,2.8448061419060804
1649.0,1.8572372214507165,2.844365865248307
1650.0,1.8554234703686885,2.8442943452448857
1651.0,1.853931673089832,2.844708428988877
1652.0,1.8526240960601355,2.8454299030536085
1653.0,1.851309574977167,2.8460174374139644
1654.0,1.8498706144612709,2.846496152491153
1655.0,1.8483065744886602,2.8471179255199934
1656.0,1.8465205735179784,2.847885394684927
1657.0,1.8445226491079723,2.8486930311878242
1658.0,1.8422269950806003,2.849496998376911
1659.0,1.839646578229067,2.8502486158882676
1660.0,1.8369427764346304,2.8509163038313137
1661.0,1.8340694281895744,2.8515034629586102
1662.0,1.8312796988193876,2.85222417821582
1663.0,1.8284210539173371,2.8531830390867468
1664.0,1.8254305067359469,2.854268559751314
1665.0,1.8221916748614708,2.8554008742308983
1666.0,1.818890234810496,2.856692278920609
1667.0,1.8154131875319952,2.8582411115486615
1668.0,1.8118028087730624,2.8599758641811843
1669.0,1.8083044420024517,2.8620617296492137
1670.0,1.8049095928317191,2.864561480023216
1671.0,1.8014165287417538,2.8671841384801757
1672.0,1.798140878341109,2.8699784732009213
1673.0,1.795328048293395,2.8731384866849843
1674.0,1.793295355670185,2.876725800645708
1675.0,1.7919763383149006,2.8807115092645588
1676.0,1.791134485732388,2.884771343329209
1677.0,1.790666123172843,2.888944407562059
1678.0,1.7905299807399917,2.8933641593198534
1679.0,1.790633629039125,2.8981168778623143
1680.0,1.7909793358017376,2.9030815253385787
1681.0,1.7913164538372524,2.9080520301906936
1682.0,1.7916505007796568,2.912885407465668
1683.0,1.7918175338066122,2.9177721178356566
1684.0,1.7918928605738005,2.9231096693078555
1685.0,1.7919146682187392,2.9288905095279616
1686.0,1.7916810690144724,2.9347155540163476
1687.0,1.7911518221351772,2.940309924204762
1688.0,1.7905468777387923,2.945525210106251
1689.0,1.7899459768770167,2.9506027341112975
1690.0,1.7896226137265874,2.9556270797946063
1691.0,1.789652355932693,2.9606556465614124
1692.0,1.7900632441522402,2.9657173227668787
1693.0,1.79074423687956,2.9709486264571723
1694.0,1.7915608273869421,2.976091385859684
1695.0,1.7923269795909027,2.980678608758602
1696.0,1.7930375076756566,2.9847163145787925
1697.0,1.7936569696191036,2.9882213436085863
1698.0,1.7941244818375475,2.9913046239190737
1699.0,1.7943490844215324,2.994167747424807
1700.0,1.7942334794662287,2.9967166789032036
1701.0,1.793823805983222,2.998907549745037
1702.0,1.7933779282037539,3.000749449671217
1703.0,1.7929117576560047,3.002426403267184
1704.0,1.7922403998771421,3.0037845089913837
1705.0,1.7910977939042683,3.005000859367835
1706.0,1.7893992088782122,3.006031422595208
1707.0,1.7872461554201862,3.0072125521059014
1708.0,1.7848666795744106,3.0086106776693984
1709.0,1.781854490697799,3.009107369812512
1710.0,1.7783475680140644,3.009173180839251
1711.0,1.7741950806191222,3.0093604167523322
1712.0,1.7698644846243252,3.009768911396233
1713.0,1.7653851791167106,3.0099496365360343
1714.0,1.7606875078635542,3.009572930922535
1715.0,1.7559000930944384,3.008653598533352
1716.0,1.751032471780546,3.0073752716888027
1717.0,1.7463075455370582,3.005754052592551
1718.0,1.7417441253483235,3.003900210269255
1719.0,1.7371998109390323,3.0020107274822467
1720.0,1.7326369869930982,2.999702605956075
1721.0,1.728038801522505,2.997239922712549
1722.0,1.7233066157094057,2.9949409988588833
1723.0,1.71849723625605,2.9926368558435303
1724.0,1.7137370068448514,2.9902529118740913
1725.0,1.709333675243378,2.9882405925908575
1726.0,1.705306439219838,2.98721821294305
1727.0,1.7017241719081015,2.98727881884108
1728.0,1.6982310578237767,2.9875655462796797
1729.0,1.6945926386637673,2.9877285232767004
1730.0,1.690558348448526,2.9875089903086205
1731.0,1.685920216768793,2.986858254367217
1732.0,1.6808778266029565,2.9861543092567246
1733.0,1.6755861648622634,2.985784318805511
1734.0,1.6702598111755835,2.9858980814500495
1735.0,1.6651780397030578,2.9864558778121966
1736.0,1.6604134524419072,2.9870719847009757
1737.0,1.656191814308265,2.9878897294327382
1738.0,1.6525021695678312,2.9890582074897862
1739.0,1.6490731225910835,2.990731756922845
1740.0,1.6461440265468634,2.9936567560794667
1741.0,1.6435048309147464,2.9971063352116114
1742.0,1.6409854377194688,3.000499077651752
1743.0,1.6379989007620979,3.0034760822741
1744.0,1.6345880876714332,3.006600181078667
1745.0,1.630943062787074,3.010140033133118
1746.0,1.6271704128874762,3.0140872622642525
1747.0,1.6234177446385019,3.0182512520209133
1748.0,1.6195542388016997,3.0225873757112165
1749.0,1.6155635404649313,3.027304835696468
1750.0,1.43283121475359,2.948195820497954
1751.0,1.4218205515339457,2.956058890318475
1752.0,1.4112576369757885,2.9643739094069828
1753.0,1.4058968819859288,2.9740324254553676
1754.0,1.3991591445626144,2.9818096612438336
1755.0,1.3889339198344763,2.9865558662159906
1756.0,1.378362265052659,2.990453738177561
1757.0,1.3757547972887363,2.996614353052288
1758.0,1.3752111278344208,3.0023194879400474
1759.0,1.3749231267231041,3.0086773731041667
1760.0,1.372877321775009,3.016231527914574
1761.0,1.3731257465385278,3.0232749634982032
1762.0,1.3753068434524789,3.030864443295624
1763.0,1.3795326549981275,3.0378677742948126
1764.0,1.3846539333289323,3.0436005914299327
1765.0,1.3889891058264103,3.047923266745132
1766.0,1.389057251859045,3.0529753933589268
1767.0,1.3887062349118213,3.057265126156708
1768.0,1.3877430972006586,3.060957966352852
1769.0,1.3860337847254598,3.064446892300723
1770.0,1.4039435718175368,3.0623540120336665
1771.0,1.403256964894787,3.066365654492265
1772.0,1.398794379573061,3.067731177752991
1773.0,1.3971100074133656,3.0691829653606817
1774.0,1.3951606687278912,3.070600228543872
1775.0,1.3932286887773988,3.071785225066999
1776.0,1.3924429718412545,3.0723001966575025
1777.0,1.3919756674497785,3.0729525429795252
1778.0,1.3903303972372587,3.0727968428460017
1779.0,1.386990460231035,3.072720183515108
1780.0,1.3827574575567971,3.0734310696225107
1781.0,1.3783698774593427,3.07456262935605
1782.0,1.3742532046009757,3.07585094596332
1783.0,1.3709170330660532,3.076665156024648
1784.0,1.3687703404190532,3.077917136791888
1785.0,1.3679999679082573,3.0799233705676916
1786.0,1.366736603564376,3.082106234347706
1787.0,1.3661468494607727,3.086239126565939
1788.0,1.3654158912020349,3.089627054075631
1789.0,1.3636180126636699,3.0911852006710165
1790.0,1.3599143320150846,3.089727075715928
1791.0,1.355109714805729,3.0892430943086953
1792.0,1.351059715056753,3.0909363398926066
1793.0,1.3468801854053638,3.091618013516502
1794.0,1.3420839173035275,3.0908013516415584
1795.0,1.3372777767985564,3.09149000351581
1796.0,1.3329906085358996,3.0954025471071023
1797.0,1.3284543913258404,3.101205003575603
1798.0,1.3213133567647795,3.106390952913998
1799.0,1.3103454907506757,3.1085202358823696
1800.0,1.3035241933331891,3.134599378852693
1801.0,1.38936987464912,3.1431234297459856
1802.0,1.3799801493124246,3.1470028620831902
1803.0,1.3702591890479887,3.1514111278674606
1804.0,1.3599957748710667,3.1561409979257573
1805.0,1.3495669798184582,3.161381410842392
1806.0,1.3389524749833854,3.1666789813435603
1807.0,1.3278142967185365,3.171965589819271
1808.0,1.3155296857225376,3.1769452305594093
1809.0,1.3027998671293655,3.1822883483288384
1810.0,1.2893920563231662,3.1872140280941745
1811.0,1.2755776484169785,3.192312357715718
1812.0,1.2614196442008994,3.1972963113067157
1813.0,1.2459390354553825,3.2010514052738244
1814.0,1.2280889726835738,3.204779584572628
1815.0,1.208744358903901,3.2084338944038935
1816.0,1.1879741487035742,3.2115333790787446
1817.0,1.1662068243557195,3.215348368400113
1818.0,1.1432878095448686,3.219623991964831
1819.0,1.1198137764232037,3.2239810881129163
1820.0,1.0961954380226961,3.2275311998590053
1821.0,1.072691264979386,3.2322216411578095
1822.0,1.0497673550806388,3.2375419435204984
1823.0,1.0274491010675577,3.2427506771711947
1824.0,1.0055020237273813,3.247163248147927
1825.0,0.9826828591348646,3.251099880642645
1826.0,0.9598493841598694,3.2543859148467837
1827.0,0.9375373008918817,3.2565821178287844
1828.0,0.9158212657639386,3.258625084855844
1829.0,0.8946012618835704,3.260840051873324
1830.0,0.8747342932621053,3.2631872783171687
1831.0,0.8558142905442795,3.265073027117526
1832.0,0.8374806495720493,3.266204906621637
1833.0,0.8192407924794355,3.2658149444500846
1834.0,0.8012746605458787,3.2644130044938193
1835.0,0.7841416085437296,3.26218005604056
1836.0,0.76758982757606,3.259152962545708
1837.0,0.7523878907943247,3.255736574749994
1838.0,0.7391224721119503,3.252206117193866
1839.0,0.727793294478992,3.2487190589307833
1840.0,0.7172989460936856,3.244393387086744
1841.0,0.7083061833002888,3.2402696150890624
1842.0,0.6998187136710217,3.235536763045039
1843.0,0.6917074085828846,3.2297670219398347
1844.0,0.6849284942065152,3.224399458365557
1845.0,0.6787949725462211,3.2176764344404387
1846.0,0.6727115727828292,3.210300583250723
1847.0,0.6672553565344085,3.203519314627969
1848.0,0.6619760642335059,3.1960286689372395
1849.0,0.6566600119456287,3.1882873519192203
1850.0,0.6515824216972723,3.1803887582300057
1851.0,0.6476436927482682,3.173402347864679
1852.0,0.643875217900653,3.1659159222008935
1853.0,0.6395992919968271,3.1578891474356086
1854.0,0.6352565965375344,3.1499795257146532
1855.0,0.630629646549944,3.143252448801205
1856.0,0.6259554843166083,3.137016348327792
1857.0,0.6209477705211253,3.131647173391065
1858.0,0.6153570439975689,3.1269480882495806
1859.0,0.6101861008648326,3.122414441005421
1860.0,0.605371479335757,3.118233540688878
1861.0,0.5988124645569923,3.1135727766076693
1862.0,0.5914173060086839,3.1095792632591324
1863.0,0.5828660193146892,3.1058656564605913
1864.0,0.5737758876288067,3.1020930108326006
1865.0,0.563918483737834,3.09943180630452
1866.0,0.5528464709136274,3.0968245624540227
1867.0,0.5415297392376116,3.0951091597932603
1868.0,0.5286701664702632,3.0937688084519603
1869.0,0.5138564033009623,3.092429206231912
1870.0,0.49841659153709134,3.091432720803338
1871.0,0.4822474254072007,3.0909498813321057
1872.0,0.4653463579066687,3.0899165019094763
1873.0,0.4477804178748694,3.089326845698126
1874.0,0.4292307898420827,3.0895686347009863
1875.0,0.40961947540375165,3.0893980484502594
1876.0,0.3907912776634335,3.0906873459230115
1877.0,0.37208447824827007,3.0925894968912306
1878.0,0.3512038301780403,3.0929253580868514
1879.0,0.3296715172396584,3.0935787623633213
1880.0,0.30924861674027115,3.0950174869525546
1881.0,0.2888696463374532,3.0969586675298935
1882.0,0.2672776030079323,3.099189898189775
1883.0,0.2444455359135364,3.101295168965545
1884.0,0.219673536269141,3.102243667716903
1885.0,0.19420320699174964,3.103465978943743
1886.0,0.16945088565982713,3.104972168963471
1887.0,0.14526296408026543,3.1068961173525564
1888.0,0.12122925554431835,3.1086035728423558
1889.0,0.0970605229435828,3.109679501412229
1890.0,0.07272640364186264,3.110609659016934
1891.0,0.04825399095824988,3.1108490051635727
1892.0,0.025263289843609205,3.1115679828320206
1893.0,0.0027930134269073537,3.1123575877003504
1894.0,-0.019066929865469262,3.11350611799967
1895.0,-0.041326221039705346,3.1149869686056313
1896.0,-0.06330276265879319,3.1154221557285076
1897.0,-0.08412200340085943,3.11624707817131
1898.0,-0.10476352053691768,3.1159275088058282
1899.0,-0.12463335095973008,3.1152116929425064
1900.0,-0.14347555959915248,3.1142060649275938
1901.0,-0.1622379104541082,3.112968470885731
1902.0,-0.17990131021049288,3.1124028466893066
1903.0,-0.19643144928741335,3.1125990266227155
1904.0,-0.2114726548919279,3.1126232112067176
1905.0,-0.22463346652320404,3.112052357177555
1906.0,-0.23589156843672204,3.1115884669705993
1907.0,-0.24648829900844418,3.10984856000801
1908.0,-0.2563047096562939,3.107309912982837
1909.0,-0.2633105983108213,3.106302057796737
1910.0,-0.2687029412169468,3.104486170731901
1911.0,-0.274083613697285,3.1014403315025096
1912.0,-0.278755147419716,3.097463996693097
1913.0,-0.28225681357803606,3.0922078379754763
1914.0,-0.2840225852352395,3.086230908590698
1915.0,-0.2828514862152534,3.08070115080298
1916.0,-0.28089349883269654,3.0749154060652897
1917.0,-0.27967716276500604,3.068604363290035
1918.0,-0.2785642711044854,3.06204509678543
1919.0,-0.27786621289287616,3.0556645293319806
1920.0,-0.2781245623609087,3.0496223232313024
1921.0,-0.28041887005321003,3.043638063504071
1922.0,-0.2846560840118304,3.0378165110408384
1923.0,-0.2912084594529325,3.032016408720221
1924.0,-0.299875555973561,3.0261700019152418
1925.0,-0.30945504602360924,3.0199901705551886
1926.0,-0.31972786863693164,3.0137390969962587
1927.0,-0.33081906390607146,3.0078629517970765
1928.0,-0.34309325819653286,3.002493337136307
1929.0,-0.35704646800968376,2.9978178289698847
1930.0,-0.37225768050951974,2.9934339149121305
1931.0,-0.3885873864972081,2.990418292730379
1932.0,-0.4062225312239944,2.987114635537577
1933.0,-0.42539160176704344,2.983255361096423
1934.0,-0.4463702275743993,2.9784030516291633
1935.0,-0.4685903049061679,2.9733631415612853
1936.0,-0.4920867402977791,2.9685887947822667
1937.0,-0.5168000913296122,2.9642218778851825
1938.0,-0.542404376500183,2.960100474279468
1939.0,-0.5691087251647486,2.956754583244086
1940.0,-0.5958177966700421,2.953283049191611
1941.0,-0.6225064768817906,2.949793623184146
1942.0,-0.6502236594641058,2.9466942466478314
1943.0,-0.678788469704145,2.9432973329528753
1944.0,-0.7079584936107794,2.940318962857931
1945.0,-0.7380185292992836,2.93728281405044
1946.0,-0.7695603426428561,2.934420895727976
1947.0,-0.8012282096294963,2.9315655766335142
1948.0,-0.8318480058609701,2.928169558074735
1949.0,-0.8616425667234153,2.924402785010486
1950.0,-0.8908726626402317,2.9202473296810685
1951.0,-0.918980260216433,2.9162462514301155
1952.0,-0.945811925302656,2.912339221417824
1953.0,-0.9715520466692018,2.9085801846420076
1954.0,-0.9965900344819614,2.9044122619557644
1955.0,-1.0211117822032139,2.900310145825447
1956.0,-1.0449688535709056,2.8967890237167175
1957.0,-1.0675971936320972,2.893498543271497
1958.0,-1.0890024610039788,2.8904447684211174
1959.0,-1.1104815389384937,2.887227316986121
1960.0,-1.1312284425361858,2.8840607894679473
1961.0,-1.1515606027849135,2.881408016489029
1962.0,-1.1715028883548617,2.879056875757787
1963.0,-1.1903538008895032,2.877153158949173
1964.0,-1.2086790231795532,2.8755863480527566
1965.0,-1.2265815866949186,2.8757623924491744
1966.0,-1.2443562080373805,2.8768195146090476
1967.0,-1.2617125631915094,2.8781983544308445
1968.0,-1.2791165484386975,2.8803753620433663
1969.0,-1.296952104043686,2.8831014637467023
1970.0,-1.3149275431091243,2.8854688458201636
1971.0,-1.5196153574828046,2.937111927637538
1972.0,-1.5465973839987752,2.9409732742047705
1973.0,-1.5728613488147043,2.9451341223625476
1974.0,-1.5981101212584998,2.949555924678964
1975.0,-1.6225974012183157,2.953792086550326
1976.0,-1.6459899999599124,2.9578586651026813
1977.0,-1.668113118323216,2.9613629506354973
1978.0,-1.6901863486223716,2.9626147804069003
1979.0,-1.7132083654995527,2.9618024406963923
1980.0,-1.7373939120050257,2.9587410699493466
1981.0,-1.7620651412720605,2.9530151216884275
1982.0,-1.7869153443444925,2.9455140260254984
1983.0,-1.8118025911583615,2.937214127090388
1984.0,-1.8349757374553843,2.9268487797712996
1985.0,-1.8577395364365485,2.916244452275636
1986.0,-1.8772882053792228,2.910381494656861
1987.0,-1.9020407600764178,2.9046255635799163
1988.0,-1.9292885789024319,2.8983385637833443
1989.0,-1.9581138968329932,2.889758912016315
1990.0,-1.9903150660451265,2.8807141586207408
1991.0,-2.024142571013237,2.8692179850597332
1992.0,-2.058869193317277,2.8560184053498974
1993.0,-2.0901683109533744,2.840772144339961
1994.0,-2.114185078351613,2.8209705977996373
1995.0,-2.1362075016589532,2.7919992370861473
1996.0,-2.1629994304704083,2.7524091096174246
1997.0,-2.195913090031917,2.7090956427526467
1998.0,-2.223719910193568,2.676530280702177
1999.0,-2.2422700125087403,2.6669430693105483
2000.0,-2.251692553526342,2.660076963730117
